label,summary,reason
true,"Here is a summary of a blockchain transaction. Your task is to decide whether it is suspicious: This transaction is sent on eth blockchain by sender 0xcf28e9b8 creating contracts. Sender has profit from public contracts. Its summary of balance change: sender and his contract collect high value tokens as ETH amount: 39.45($61077);USDC amount: -1.5e-11 from other public contracts losing -61454 USD. Transaction has suspicious flash loan usage. There are repeated calls indicating reentrancy attack. The summary of calls and events of important addresses: 0xcf28e9b8 called: {'fallback': 1}; 0x842f3a53 called: {'1b9ebcd1': 1, 'receiveFlashLoan': 1, 'fallback': 6, 'f6fcb928': 1}; 0x3d18ad73 called: {'getCurrentRingIndex': 5, 'deposit': 5, 'getRingHash': 5, 'swapOnWithdrawal': 5}, emitting events: {'Deposit': 5, 'Withdraw': 5, 'Swap': 5}; 0xb4e16d01 called: {'getReserves': 6, 'swap': 6}, emitting events: {'Sync': 6, 'Swap': 6}; 0xc02aaa39 called: {'balanceOf': 8, 'transfer': 8, 'withdraw': 2, 'deposit': 6}, emitting events: {'Transfer': 8, 'Withdrawal': 2, 'Deposit': 6};","The receiveFlashLoan of 0x842f3a53 as a customized contract is called and leads to multiple deposit and withdraw, indicating that this is an attack."
true,"Here is a summary of a blockchain transaction. Your task is to decide whether it is suspicious: This transaction is sent on eth blockchain by sender 0xb90cf1d7 to receiver 0x91c49cc7. The receiver contract is created by sender. Sender has profit from public contracts. Its summary of balance change: sender and his contract collect high value tokens as ETH amount: 178.2($465261);stETH amount: -5.7e-14;PLP-stETH-Dec2025 amount: 1.1e-13;WETH amount: -1.4e-14 from other public contracts losing -465261 USD. Transaction has suspicious flash loan usage. There are repeated calls indicating reentrancy attack. The summary of calls and events of important addresses: 0x91c49cc7 called: {'0826c023': 1, 'executeOperation': 1, 'fallback': 2, 'uniswapV3SwapCallback': 3}; 0x37e49bf3 called: {'getPositionLendingShares': 18, 'withdrawExactShares': 1, '4969b6c1': 60, 'positionLocked': 60, 'e65bcf98': 66, 'getPositionBorrowTokenLength': 60, 'lendingPoolData': 77, 'depositExactAmount': 48, 'withdrawExactAmount': 48, 'getTotalPool': 22, 'borrowExactAmount': 11, 'borrowPoolData': 11, 'getPositionLendingTokenLength': 17, 'getPositionLendingTokenByIndex': 17, 'getPureCollateralAmount': 17, 'cashoutAmount': 17, 'getPositionBorrowTokenByIndex': 22, 'getPositionBorrowShares': 22, 'paybackAmount': 22};","The receiver 0xd9960730 as a customized contract is called and leads to repeated function calling, indicating that this is an attack."
true,"Here is a summary of a blockchain transaction. Your task is to decide whether it is suspicious: This transaction is sent on eth blockchain by sender 0xb0380b6d to receiver 0xa4854022. The receiver contract is created by sender. Sender has profit from public contracts. Its summary of balance change: sender and his contract collect high value tokens as ETH amount: 14.07($41315) from other public contracts losing -41315 USD. Transaction has suspicious flash loan usage. There are repeated calls indicating reentrancy attack. The summary of calls and events of important addresses: 0xa4854022 called: {'a28a15e8': 1, 'receiveFlashLoan': 1, 'fallback': 12}; 0xb0380b6d called: {'fallback': 2}; 0x06ba6614 called: {'fallback': 1}; 0x2e03b618 called: {'fallback': 1}; 0x2ec6f9b3 called: {'fallback': 1}; 0x86f6e3a1 called: {'fallback': 1}; 0xc362a2ba called: {'fallback': 1}; 0x9700204d called: {'72c4cff6': 5}; 0xc02aaa39 called: {'balanceOf': 19, 'transfer': 12, 'withdraw': 7, 'deposit': 6}, emitting events: {'Transfer': 12, 'Withdrawal': 7, 'Deposit': 6}; 0xc2c70111 called: {'getReserves': 15, 'swap': 10, 'token0': 5}, emitting events: {'Sync': 10, 'Swap': 10};","The receiveFlashLoan of 0xa4854022 as a customized contract is called and leads to multiple deposit and withdraw, indicating that this is an attack."
true,"Here is a summary of a blockchain transaction. Your task is to decide whether it is suspicious: This transaction is sent on eth blockchain by sender 0x7e39e3b3 to receiver 0xd9960730. The receiver contract is created by sender. Sender has profit from public contracts. Its summary of balance change: sender and his contract collect high value tokens as wstETH amount: 22.82($84172);mkUSD amount: -1.8($-2) from other public contracts losing -84171 USD. Transaction has suspicious flash loan usage. The summary of calls and events of important addresses: 0xd9960730 called: {'82be0b96': 1, 'receiveFlashLoan': 1}; 0x1cc79f3f called: {'collateralToken': 2, 'getTroveCollAndDebt': 1, 'getEntireSystemBalances': 6, 'applyPendingRewards': 3, 'closeTrove': 3, 'decayBaseRateAndGetBorrowingFee': 3, 'MCR': 3, 'openTrove': 3, 'getNominalICR': 110}, emitting events: {'TroveIndexUpdated': 3, 'CollateralSent': 3, 'TroveUpdated': 6, 'BaseRateUpdated': 3, 'LastFeeOpTimeUpdated': 1, 'TroveSnapshotsUpdated': 3, 'TotalStakesUpdated': 3}; 0xcc721810 called: {'onFlashLoan': 2};","The receiveFlashLoan of 0xd9960730 as a customized contract is called and leads to repeated function calling, indicating that this is an attack."
true,"Here is a summary of a blockchain transaction. Your task is to decide whether it is suspicious: This transaction is sent on eth blockchain by sender 0x7c9fc6e2 to receiver 0x1b8a9f9f. The receiver contract is created by sender. Sender has profit from public contracts. Its summary of balance change: sender and his contract collect high value tokens as wstETH amount: 52.45($192081);mkUSD amount: -1.8($-2) from other public contracts losing -192079 USD. Transaction has suspicious flash loan usage. The summary of calls and events of important addresses: 0x1b8a9f9f called: {'82be0b96': 1, 'receiveFlashLoan': 1}; 0x1cc79f3f called: {'collateralToken': 2, 'getTroveCollAndDebt': 1, 'getEntireSystemBalances': 6, 'applyPendingRewards': 3, 'closeTrove': 3, 'decayBaseRateAndGetBorrowingFee': 3, 'MCR': 3, 'openTrove': 3, 'getNominalICR': 57}, emitting events: {'TroveIndexUpdated': 3, 'CollateralSent': 3, 'TroveUpdated': 6, 'BaseRateUpdated': 3, 'TroveSnapshotsUpdated': 3, 'TotalStakesUpdated': 3}; 0xcc721810 called: {'onFlashLoan': 2};","The receiveFlashLoan of 0x1b8a9f9f as a customized contract is called and leads to repeated function calling, indicating that this is an attack."
true,"Here is a summary of a blockchain transaction. Your task is to decide whether it is suspicious: This transaction is sent on eth blockchain by sender 0xbb58c156 to receiver 0x88742751 with 0.05 ETH as 156 USD. The receiver contract is created by sender. Sender has profit from public contracts. Its summary of balance change: sender and his contract collect high value tokens as ETH amount: -0.05($-156);NOBL amount: 760599.64($3297) from other public contracts losing -3587 USD. The summary of calls and events of important addresses: 0x88742751 called: {'cbfaa394': 1}; 0x88b9f5c6 called: {'transfer': 21, 'balanceOf': 125, 'approve': 41, 'transferFrom': 42, 'fallback': 1, 'allowance': 21}, emitting events: {'Transfer': 64, 'Approval': 85}; 0xbc452fdc called: {'createLockedCampaign': 20, 'cancelCampaign': 20}, emitting events: {'CampaignCancelled': 20}; 0xc02aaa39 called: {'fallback': 1, 'approve': 1, 'transferFrom': 1, 'balanceOf': 4, 'transfer': 2, 'withdraw': 1, 'deposit': 1}, emitting events: {'Deposit': 2, 'Approval': 1, 'Transfer': 3, 'Withdrawal': 1}; 0xc98936de called: {'getReserves': 3, 'swap': 2, 'mint': 1}, emitting events: {'Sync': 3, 'Swap': 2, 'Transfer': 1, 'Mint': 1};","The frequently repeated function calling of same contract and high profit from contracts, indicating that this is an attack."
true,"Here is a summary of a blockchain transaction. Your task is to decide whether it is suspicious: This transaction is sent on eth blockchain by sender 0x7fe83f45 to receiver 0x4148310f. The receiver contract is created by sender. Sender has profit from public contracts. Its summary of balance change: sender and his contract collect high value tokens as wstETH amount: 22.07($80806);mkUSD amount: -1.8($-2) from other public contracts losing -80804 USD. Transaction has suspicious flash loan usage. The summary of calls and events of important addresses: 0x4148310f called: {'82be0b96': 1, 'receiveFlashLoan': 1}; 0x1cc79f3f called: {'collateralToken': 2, 'getTroveCollAndDebt': 1, 'getEntireSystemBalances': 6, 'applyPendingRewards': 3, 'closeTrove': 3, 'decayBaseRateAndGetBorrowingFee': 3, 'MCR': 3, 'openTrove': 3, 'getNominalICR': 79}, emitting events: {'TroveIndexUpdated': 3, 'CollateralSent': 3, 'TroveUpdated': 6, 'BaseRateUpdated': 3, 'LastFeeOpTimeUpdated': 1, 'TroveSnapshotsUpdated': 3, 'TotalStakesUpdated': 3}; 0xcc721810 called: {'onFlashLoan': 2};","The receiveFlashLoan of 0x4148310f as a customized contract is called and leads to repeated function calling, indicating that this is an attack."
true,"Here is a summary of a blockchain transaction. Your task is to decide whether it is suspicious: This transaction is sent on eth blockchain by sender 0x67104175 to receiver 0x11a8dc86. The receiver contract is created by sender. Another EOA profits from public contracts. Its summary of balance change: other user collect high value tokens as USDC amount: 355824.49($355824) from other public contracts losing -355819 USD. The summary of calls and events of important addresses: 0x11a8dc86 called: {'5b8b87a8': 1, 'receiveFlashLoan': 1, '75b4b22d': 1}; 0x4d5f47fa called: {'balanceOf': 1, 'scaledBalanceOf': 1, 'burn': 1}, emitting events: {'Transfer': 1, 'Burn': 1}; 0x53d2d9d2 called: {'75b4b22d': 1}; 0x98c23e9d called: {'handleRepayment': 2, 'transferUnderlyingTo': 1, 'scaledTotalSupply': 2, 'mint': 2, 'totalSupply': 1}, emitting events: {'Transfer': 2, 'Mint': 2}; 0x9f54e8ea called: {'9daee0cc': 1, 'executeOperation': 1}; 0xb4e16d01 called: {'getReserves': 1, 'swap': 1}, emitting events: {'Sync': 1, 'Swap': 1};","The receiveFlashLoan of 0x11a8dc86 as a customized contract is called and high profit, indicating that this is suspicious."
true,"Here is a summary of a blockchain transaction. Your task is to decide whether it is suspicious: This transaction is sent on eth blockchain by sender 0x2c903f97 to receiver 0xe55607b2. The receiver contract is created by sender. Sender has profit from public contracts. Its summary of balance change: sender collect high value tokens as ETH amount: 50.13($139269) from other public contracts losing -139269 USD. The summary of calls and events of important addresses: 0xe55607b2 called: {'withdrawETH': 1, 'fallback': 1}; 0x2c903f97 called: {'fallback': 1}; 0x7c5c9afe called: {'withdrawAccountBalance': 1}, emitting events: {'WithdrawAccountBalance': 1};",Withdrawing without approval and usage of customized function show this is suspicious.
true,"Here is a summary of a blockchain transaction. Your task is to decide whether it is suspicious: This transaction is sent on eth blockchain by sender 0xce6397e5 to receiver 0xe6c6e86e. The receiver contract is created by sender. Sender has profit from other address. Its summary of balance change: sender and his contract collect high value tokens as ETH amount: 4.68($8405);шайлушай amount: 1.5e-08 from other users losing -8663 USD. The summary of calls and events of important addresses: 0xe6c6e86e called: {'30f5d90e': 1, 'fallback': 1}; 0xce6397e5 called: {'fallback': 1}; 0x977c5fcf called: {'getReserves': 2, 'swap': 1}, emitting events: {'Sync': 1, 'Swap': 1}; 0xc02aaa39 called: {'balanceOf': 4, 'transfer': 1, 'withdraw': 1}, emitting events: {'Transfer': 1, 'Withdrawal': 1};",The call of customized function makes contract transfer other addresses' token indicates that this is suspicious.
true,"Here is a summary of a blockchain transaction. Your task is to decide whether it is suspicious: This transaction is sent on eth blockchain by sender 0x4e2ce48f creating contracts with 2e-07 ETH as 0 USD. Sender has profit from other address. Its summary of balance change: sender and his contract collect high value tokens as ETH amount: -1e-18;BEAM amount: 843455.08($33113) from other users losing -33113 USD. The summary of calls and events of important addresses: 0xcf072814 called: {'f3': 1, 'f4': 1} 0x62d0a845 called: {'balanceOf': 20, 'transferFrom': 5, 'transfer': 6}, emitting events: {'Transfer': 11, 'Approval': 5}; 0xd3f64baa called: {'1ef29a02': 5} 0xa051fc7d called: {'1ef29a02': 5}",The repeated calls leaded by the customized contract indicates that this is suspicious.
true,"Here is a summary of a blockchain transaction. Your task is to decide whether it is suspicious: This transaction is sent on eth blockchain by sender 0x864e656c to receiver 0x03e7b13b. Sender has profit from public contracts. Its summary of balance change: sender and his contract collect high value tokens as ETH amount: 26.38($55991);WETH amount: 7.1e-15 from other public contracts losing -128143 USD. The summary of calls and events of important addresses: 0x03e7b13b called: {'2e9b36e7': 1, 'uniswapV3FlashCallback': 2, 'fallback': 1}; 0x864e656c called: {'fallback': 1}; 0x109830a1 called: {'token0': 1, 'flash': 1}, emitting events: {'Flash': 1}; 0x66ba59cb called: {'token0': 1, 'flash': 1, 'swap': 1}, emitting events: {'Flash': 1, 'Swap': 1}; 0x69c66bea called: {'getReserves': 5, 'swap': 5}, emitting events: {'Sync': 5, 'Swap': 5}; 0x8390a1da called: {'balanceOf': 25, 'transfer': 5, 'decimals': 2, 'approve': 3, 'transferFrom': 4, 'fallback': 1}, emitting events: {'Transfer': 9, 'Approval': 8}; 0xc02aaa39 called: {'balanceOf': 19, 'transfer': 6, 'withdraw': 2, 'approve': 2, 'transferFrom': 2}, emitting events: {'Transfer': 8, 'Withdrawal': 2, 'Approval': 2};","The uniswapV3FlashCallback of 0x03e7b13b as a customized contract is called and leads to multiple transfer and withdraw, indicating that this is an attack stealing money from public contracts."
true,"Here is a summary of a blockchain transaction. Your task is to decide whether it is suspicious: This transaction is sent on eth blockchain by sender 0x7a2f4d62 to receiver 0x4476b6ca. The receiver contract is created by sender. Sender has profit from public contracts. Its summary of balance change: sender and his contract collect high value tokens as agETH amount: 1367.72;rswETH amount: 901.86($2160719);YT-agETH-26DEC2024 amount: 316.1;YT-rswETH-26SEP2024 amount: 290.97 from other public contracts losing -2160719 USD. Transaction has suspicious flash loan usage. The summary of calls and events of important addresses: 0x4476b6ca called: {'e1629e47': 1, 'receiveFlashLoan': 1, 'getRewardTokens': 3, 'claimRewards': 1}; 0x038c1b03 called: {'balanceOf': 6, 'readTokens': 3, 'readState': 1, 'mint': 1, 'approve': 4, 'transferFrom': 3, 'allowance': 1, 'transfer': 2, 'isExpired': 1, 'burn': 1, 'swapExactPtForSy': 1}, emitting events: {'Transfer': 7, 'UpdateImpliedRate': 3, 'Mint': 1, 'Approval': 7, 'Burn': 1, 'Swap': 1};","The receiveFlashLoan of 0x7a2f4d62 as a customized contract is called and high profit, indicating that this is suspicious."
true,"Here is a summary of a blockchain transaction. Your task is to decide whether it is suspicious: This transaction is sent on eth blockchain by sender 0xce6397e5 to receiver 0xe6c6e86e. The receiver contract is created by sender. Sender has profit from other address. Its summary of balance change: sender collect high value tokens as ETH amount: 16.77($30116) from other users losing -40772 USD. There are repeated calls indicating reentrancy attack. The summary of calls and events of important addresses: 0xe6c6e86e called: {'30f5d90e': 1, 'fallback': 1}; 0xce6397e5 called: {'fallback': 1}; 0xa07674a5 called: {'getReserves': 4, 'swap': 3}, emitting events: {'Sync': 3, 'Swap': 3}; 0xa9fbcc25 called: {'balanceOf': 11, 'allowance': 1, 'transferFrom': 4, 'fallback': 2, 'approve': 1}, emitting events: {'Approval': 6, 'Transfer': 6}; 0xc02aaa39 called: {'transfer': 3, 'balanceOf': 8, 'withdraw': 3}, emitting events: {'Transfer': 3, 'Withdrawal': 3};","The frequently repeated transfer and withdraw calling of same contract and high profit from contracts, indicating that this is an attack."
true,"Here is a summary of a blockchain transaction. Your task is to decide whether it is suspicious: This transaction is sent on eth blockchain by sender 0xdaaa6294 to receiver 0x1e791527. The receiver contract is created by sender. Sender has profit from public contracts. Its summary of balance change: sender and his contract collect high value tokens as 0xf56b164efd3cfc02ba739b719b6526a6fa1ca32a amount: -3999855003.0;WETH amount: 25.96($88894);DAI amount: 18669.35($18669);CSC amount: 900000000.0;SKL amount: 1970.58($196);IXS amount: 560.81($222) from other public contracts losing -107981 USD. There are repeated calls indicating reentrancy attack. The summary of calls and events of important addresses: 0x1e791527 called: {'cook': 1}; 0x579a3244 called: {'lock': 1, 'vote': 1, 'lift': 1, 'canCall': 2}, emitting events: {'Etch': 1};",The repeated calls and involving multiple tokens earned by senders indicates that this is suspicious.
true,"Here is a summary of a blockchain transaction. Your task is to decide whether it is suspicious: This transaction is sent on eth blockchain by sender 0x50df5a22 creating contracts. Sender has profit from other address. Its summary of balance change: sender collect high value tokens as WETH amount: 42.48($109082);USDT amount: 347005.65($347006);WBTC amount: 2.89($124421);DAI amount: 13821.01($13821);MATIC amount: 165356.99($139398) from other users losing -725247 USD. There are repeated calls indicating reentrancy attack. The summary of calls and events of important addresses: 0xc3fdd40f called: {'f82448e8': 1} 0xc02aaa39 called: {'balanceOf': 18, 'allowance': 18, 'transferFrom': 36}, emitting events: {'Transfer': 36}; 0x3a23f943 called: {'00000196': 106}, emitting events: {'SocketSwapTokens': 104}; 0xcc5fda5e called: {'performAction': 106} 0x856da0ac called: {'fallback': 104} 0xdac17f95 called: {'balanceOf': 49, 'allowance': 49, 'transferFrom': 98}, emitting events: {'Transfer': 97}; 0x2260fac5 called: {'balanceOf': 16, 'allowance': 16, 'transferFrom': 32}, emitting events: {'Transfer': 32}; 0x6b175474 called: {'balanceOf': 9, 'allowance': 9, 'transferFrom': 18}, emitting events: {'Transfer': 18}; 0x7d1afa7b called: {'balanceOf': 14, 'allowance': 14, 'transferFrom': 28}, emitting events: {'Transfer': 27, 'Approval': 27};",The calls leaded by the customized contract and very frequently repeated calls indicates that this is suspicious.
true,"Here is a summary of a blockchain transaction. Your task is to decide whether it is suspicious: This transaction is sent on eth blockchain by sender 0x8b3cb6bf to receiver 0xb9556993. The receiver contract is created by sender. Sender has profit from other address. Its summary of balance change: sender and his contract collect high value tokens as DAI amount: 149155.79($149156);USDC amount: 370000.98($370001);USDT amount: 345479.55($345480);ETH amount: -1.8e-17 from other users losing -864636 USD. There are repeated calls indicating reentrancy attack. The summary of calls and events of important addresses: 0xb9556993 called: {'85b4a4fc': 1}; 0x8b3cb6bf called: {'fallback': 1}; 0xea72074d called: {'balanceOf': 27, 'allowance': 18, 'approve': 18}; 0x9e22ebec called: {'deposit': 9}, emitting events: {'Deposit': 9};",The imbalance created by only repeated deposits with large profit indicates that this is suspicious.
true,"Here is a summary of a blockchain transaction. Your task is to decide whether it is suspicious: This transaction is sent on eth blockchain by sender 0x7742ed59 to receiver 0xc74fc202. The receiver contract is created by sender. Sender has profit from other address. Its summary of balance change: sender and his contract collect high value tokens as USDC amount: 1804301.34($1804301);ETH amount: -2e-18 from other users losing -1804301 USD. The summary of calls and events of important addresses: 0xc74fc202 called: {'85b4a4fc': 1}; 0x7742ed59 called: {'fallback': 1}; 0x89f024e6 called: {'balanceOf': 3, 'allowance': 2, 'approve': 2}; 0x9e22ebec called: {'deposit': 1}, emitting events: {'Deposit': 1};",The imbalance created by only deposit with large profit indicates that this is suspicious.
true,"Here is a summary of a blockchain transaction. Your task is to decide whether it is suspicious: This transaction is sent on eth blockchain by sender 0x55db954f creating contracts with 1e-12 ETH as 0 USD. Its summary of balance change: senders: ETH amount: 76.36($295276), other users: Scroll amount: 1e-18, public contracts: Scroll amount: 0.0;WETH amount: 0.0;ETH amount: -76.36($-295276). The summary of calls and events of important addresses: 0x55db954f called: {'fallback': 1}; 0x3fc91a3a called: {'execute': 3}; 0xa718aa1b called: {'getReserves': 1, 'swap': 1}, emitting events: {'Sync': 1, 'Swap': 1}; 0xc02aaa39 called: {'transfer': 1, 'balanceOf': 2, 'withdraw': 1}, emitting events: {'Transfer': 1, 'Withdrawal': 1};",Withdraw without approval and high profits from other contracts indicates that this is suspicious.
true,"Here is a summary of a blockchain transaction. Your task is to decide whether it is suspicious: This transaction is sent on eth blockchain by sender 0xce6397e5 to receiver 0xe6c6e86e. The receiver contract is created by sender. Sender has profit from other address. Its summary of balance change: sender and his contract collect high value tokens as ETH amount: 32.52($58371);OGGY amount: 9.5e-07 from other users losing -75170 USD. There are repeated calls indicating reentrancy attack. The summary of calls and events of important addresses: 0xe6c6e86e called: {'30f5d90e': 1, 'fallback': 1}; 0xce6397e5 called: {'fallback': 1}; 0x39a34c54 called: {'getReserves': 2, 'swap': 1}, emitting events: {'Sync': 1, 'Swap': 1}; 0x7e877b99 called: {'balanceOf': 35, 'allowance': 32, 'transferFrom': 24, 'approve': 1}, emitting events: {'Transfer': 48, 'Approval': 1}; 0xc02aaa39 called: {'balanceOf': 4, 'transfer': 1, 'withdraw': 1}, emitting events: {'Transfer': 1, 'Withdrawal': 1};",The repeated calls leaded by the customized contract indicates that this is suspicious.
true,"Here is a summary of a blockchain transaction. Your task is to decide whether it is suspicious: This transaction is sent on eth blockchain by sender 0x94641c01 to receiver 0xbc83f271. Sender earns tokens from other address. Its summary of balance change: sender collect large amount unknown tokens as PT-weETH-27JUN2024 amount: 247.44 from other users as PT-weETH-27JUN2024 amount: -247.44. The summary of calls and events of important addresses: 0xbc83f271 called: {'performOperations': 1} 0x45e15d1e called: {'performOperations': 1} 0xc69ad9ba called: {'transferFrom': 1}, emitting events: {'Approval': 1, 'Transfer': 1};",The single performOperations call making contract transfer other address's token indicates that this is suspicious.
true,"Here is a summary of a blockchain transaction. Your task is to decide whether it is suspicious: This transaction is sent on eth blockchain by sender 0x2f746bc7 to receiver 0x64d06f3f. The receiver contract is created by sender. Sender has profit from public contracts. Its summary of balance change: sender and his contract collect high value tokens as USDC amount: 2776.66($2777) from other public contracts losing -2777 USD. The summary of calls and events of important addresses: 0x64d06f3f called: {'run': 1, 'execute': 1}; 0x044c0863 called: {'externalSwap': 2}, emitting events: {'WooRouterSwap': 2};",The imbalance created by only swaping with profit indicates that this is suspicious.
true,"Here is a summary of a blockchain transaction. Your task is to decide whether it is suspicious: This transaction is sent on eth blockchain by sender 0x48de6bf9 to receiver 0xb7f221e3. Sender has profit from public contracts. Its summary of balance change: sender collect high value tokens as ETH amount: 175.48($463012);VOW amount: 5801632.71($1904707);USDT amount: 595970.52($595971) from other public contracts losing -2963689 USD. The summary of calls and events of important addresses: 0xb7f221e3 called: {'batchLock_63efZf': 1, 'uniswapV2Call': 1, 'fallback': 1}; 0x48de6bf9 called: {'fallback': 1}; 0x1e497687 called: {'getReserves': 1, 'swap': 1}, emitting events: {'Sync': 1, 'Swap': 1}; 0x7fdeb46b called: {'swap': 2, 'getReserves': 1}, emitting events: {'Sync': 2, 'Swap': 2}; 0x97be09f2 called: {'getReserves': 1, 'swap': 1}, emitting events: {'Sync': 1, 'Swap': 1}; 0xc02aaa39 called: {'balanceOf': 4, 'transfer': 1, 'withdraw': 1}, emitting events: {'Transfer': 1, 'Withdrawal': 1};",The transfer and withdraw by the customized contract and high profits indicates that this is suspicious.
true,"Here is a summary of a blockchain transaction. Your task is to decide whether it is suspicious: This transaction is sent on eth blockchain by sender 0x8b3cb6bf to receiver 0x3c81476d. The receiver contract is created by sender. Sender has profit from other address. Its summary of balance change: sender and his contract collect high value tokens as USDC amount: 1816474.65($1816475);USDT amount: 2869706.83($2869707);ETH amount: -2e-17 from other users losing -4686181 USD. There are repeated calls indicating reentrancy attack. The summary of calls and events of important addresses: 0x3c81476d called: {'85b4a4fc': 1}; 0x8b3cb6bf called: {'fallback': 1}; 0x588e7e8e called: {'balanceOf': 30, 'allowance': 20, 'approve': 20}; 0x9e22ebec called: {'deposit': 10}, emitting events: {'Deposit': 10};",The imbalance created by only repeated deposits with large profit indicates that this is suspicious.
true,"Here is a summary of a blockchain transaction. Your task is to decide whether it is suspicious: This transaction is sent on eth blockchain by sender 0xc596523b to receiver 0x90a7482d. The receiver contract is created by sender. Sender has profit from other address. Its summary of balance change: sender and his contract collect high value tokens as ETH amount: -1e-18;QNT amount: 1030.41($128020) from other users losing -128020 USD. The summary of calls and events of important addresses: 0x90a7482d called: {'8b651f79': 1} 0xd3f64baa called: {'1ef29a02': 1} 0xa051fc7d called: {'1ef29a02': 1} 0x4a220e60 called: {'balanceOf': 2, 'transferFrom': 1, 'transfer': 1}, emitting events: {'Transfer': 2};",The unknown functions by the customized contract and high profits from other addresses indicates that this is suspicious.
true,"Here is a summary of a blockchain transaction. Your task is to decide whether it is suspicious: This transaction is sent on eth blockchain by sender 0x0cfc28d1 to receiver 0x89926624. The receiver contract is created by sender. Sender has profit from public contracts. Its summary of balance change: sender collect high value tokens as STC amount: 482589886.9($783474) from other public contracts losing -783474 USD. The summary of calls and events of important addresses: 0x89926624 called: {'withdrawTokens': 1}; 0x47ddb6a4 called: {'43fb2b61': 1, 'withdrawTokens': 1}, emitting events: {'TokenWithdrawn': 1};",Withdraw without approval and high profits from other contracts indicates that this is suspicious.
true,"Here is a summary of a blockchain transaction. Your task is to decide whether it is suspicious: This transaction is sent on eth blockchain by sender 0x9263e787 to receiver 0x1bf68a9d. Another EOA profits from public contracts. Its summary of balance change: other user collect high value tokens as ETH amount: 30.09($68970) from other public contracts losing -68970 USD. The summary of calls and events of important addresses: 0x1bf68a9d called: {'withdraw': 1}, emitting events: {'Withdraw': 1}; 0x1bf68a9d called: {'withdraw': 1}, emitting events: {'Withdraw': 1};",Withdraw without approval and high profits from other contracts indicates that this is suspicious
true,"Here is a summary of a blockchain transaction. Your task is to decide whether it is suspicious: This transaction is sent on eth blockchain by sender 0x5ff8645b to receiver 0x16c00174. The receiver contract is created by sender. Sender has profit from other address. Its summary of balance change: sender collect high value tokens as USDC amount: 1325.41($1325) from other users losing -1325 USD. The summary of calls and events of important addresses: 0x16c00174 called: {'85b4a4fc': 1}; 0x5ff8645b called: {'fallback': 1}; 0x89f024e6 called: {'balanceOf': 3, 'allowance': 2, 'approve': 2}; 0x9e22ebec called: {'deposit': 1}, emitting events: {'Deposit': 1};",The imbalance created by only deposit with profit indicates that this is suspicious.
true,"Here is a summary of a blockchain transaction. Your task is to decide whether it is suspicious: This transaction is sent on eth blockchain by sender 0x14e94001 creating contracts. Sender has profit from public contracts. Its summary of balance change: sender and his contract collect high value tokens as WETH amount: 0.33($599) from other public contracts losing -599 USD. The summary of calls and events of important addresses: 0xfeb33902 called: {'fallback': 1, 'receiveFlashLoan': 1, '7924fd7d': 3}; 0x3ebaa750 called: {'execute': 3, 'deposit': 3, 'getRingHash': 1, 'withdraw': 1}, emitting events: {'Flashloan': 3, 'Deposited': 3, 'Withdrawn': 1}; 0x5a3e6a77 called: {'approve': 1, 'transfer': 8, 'balanceOf': 11, 'transferFrom': 3}, emitting events: {'Approval': 4, 'Transfer': 22}; 0x9ec9367b called: {'getReserves': 5, 'swap': 5}, emitting events: {'Sync': 5, 'Swap': 5};","The receiveFlashLoan of 0xfeb33902 as a customized contract is called and leads to multiple deposit and transfer, indicating that this is an attack."
true,"Here is a summary of a blockchain transaction. Your task is to decide whether it is suspicious: This transaction is sent on eth blockchain by sender 0x8b3cb6bf to receiver 0x69581464. The receiver contract is created by sender. Sender has profit from other address. Its summary of balance change: sender and his contract collect high value tokens as USDC amount: 136746.45($136746);USDT amount: 45872.14($45872);ETH amount: -3.8e-17 from other users losing -182619 USD. There are repeated calls indicating reentrancy attack. The summary of calls and events of important addresses: 0x69581464 called: {'85b4a4fc': 1}; 0x8b3cb6bf called: {'fallback': 1}; 0xcd7757df called: {'balanceOf': 57, 'allowance': 38, 'approve': 38}; 0x9e22ebec called: {'deposit': 19}, emitting events: {'Deposit': 19};",The imbalance created by only repeated deposits with large profit indicates that this is suspicious.
true,"Here is a summary of a blockchain transaction. Your task is to decide whether it is suspicious: This transaction is sent on eth blockchain by sender 0xc596523b to receiver 0x2cbef94b. The receiver contract is created by sender. Sender has profit from public contracts. Its summary of balance change: sender and his contract collect high value tokens as DAI amount: 508.65($509);wBARL amount: 4.7e-10 from other public contracts losing -509 USD. The summary of calls and events of important addresses: 0x2cbef94b called: {'run': 1, 'callback': 28}; 0x04c80bb4 called: {'flash': 28, 'bond': 28, 'balanceOf': 5, 'transferFrom': 2}, emitting events: {'Transfer': 58, 'Bond': 28, 'FlashLoan': 28, 'Approval': 3}; 0x4eb37415 called: {'observe': 1, 'swap': 1}, emitting events: {'Swap': 1}; 0xacfe34cb called: {'getReserves': 2, 'swap': 2}, emitting events: {'Sync': 2, 'Swap': 2}; 0xd719345f called: {'44ab194b': 1}, emitting events: {'DepositRewards': 1};","The callback of 0x2cbef94b as a customized contract is called and leads to repeated function calling, indicating that this is an attack."
true,"Here is a summary of a blockchain transaction. Your task is to decide whether it is suspicious: This transaction is sent on eth blockchain by sender 0xd215ffaf to receiver 0xd129d8c1 with 6e-14 ETH as 0 USD. Its summary of balance change: senders: ETH amount: 58.66($170552);WETH amount: 2.4e-05;DN amount: -8674745266.48($-24505538), other users: , public contracts: WETH amount: -2.4e-05;DN amount: 8674745266.48($24505538);ETH amount: -58.66($-170552). Transaction has suspicious flash loan usage. There are repeated calls indicating reentrancy attack. The summary of calls and events of important addresses: 0xd129d8c1 called: {'deadbeef': 1, 'receiveFlashLoan': 19, 'fallback': 19}; 0xd215ffaf called: {'fallback': 1}; 0x1fb4904b called: {'swap': 57}, emitting events: {'Sync': 57, 'Swap': 57}; 0xc02aaa39 called: {'balanceOf': 95, 'transfer': 95, 'withdraw': 19}, emitting events: {'Transfer': 95, 'Withdrawal': 19};","The receiveFlashLoan of 0x2cbef94b as a customized contract is called repeatedly and leads to repeated function calling and high profit, indicating that this is an attack."
true,"Here is a summary of a blockchain transaction. Your task is to decide whether it is suspicious: This transaction is sent on eth blockchain by sender 0x9abe851b to receiver 0x9c52c485. The receiver contract is created by sender. Its summary of balance change: senders: ETH amount: 3.0($5674);WETH amount: 9.77($18483), other users: , public contracts: B-rETH-STABLE amount: 0.0;B-rETH-STABLE-gauge amount: 0.0;auraB-rETH-STABLE amount: 0.0;auraB-rETH-STABLE-vault amount: 0.0;frxETH amount: 0.0;sfrxETH amount: 0.0;stETH amount: 0.0;AURA amount: -7.1e-15;WETH amount: -9.77($-18483);BAL amount: 0.0;ETH amount: -3.0($-5674). Transaction has suspicious flash loan usage. Total supply of related token changed. The summary of calls and events of important addresses: 0x9c52c485 called: {'start': 1, 'executeOperation': 1, 'fallback': 2}; 0xdd1fe5ad called: {'balanceOf': 12, 'deposit': 1, 'totalSupply': 14, 'withdrawAndUnwrap': 1}, emitting events: {'Transfer': 2, 'Deposit': 1, 'Staked': 1, 'Withdrawn': 1, 'RewardPaid': 1};","The callback for flashloan of 0x9c52c485 as a customized contract is called and leads to exchanging of several types of token, indicating that this is suspicious."
true,"Here is a summary of a blockchain transaction. Your task is to decide whether it is suspicious: This transaction is sent on eth blockchain by sender 0xb660cae1 creating contracts with 2e-07 ETH as 0 USD. Sender has profit from other address. Its summary of balance change: sender and his contract collect high value tokens as ETH amount: -5e-18;USDT amount: 2176228.71($2176229) from other users losing -2176229 USD. There are repeated calls indicating reentrancy attack. The summary of calls and events of important addresses: 0x011ee2b5 called: {'f3': 1, 'f4': 1} 0xdac17f95 called: {'balanceOf': 20, 'transferFrom': 5, 'transfer': 10}, emitting events: {'Transfer': 15}; 0xd3f64baa called: {'1ef29a02': 5} 0xa051fc7d called: {'1ef29a02': 5}",Frequently repeated function calling and extremely high profit from other users indicates that this is an attack.
true,"Here is a summary of a blockchain transaction. Your task is to decide whether it is suspicious: This transaction is sent on eth blockchain by sender 0x50df5a22 creating contracts. Sender has profit from other address. Its summary of balance change: sender collect high value tokens as USDC amount: 2569980.19($2569980) from other users losing -2544329 USD. There are repeated calls indicating reentrancy attack. The summary of calls and events of important addresses: 0xd2bc9a9c called: {'f82448e8': 1} 0xa0b86991 called: {'balanceOf': 129, 'allowance': 129, 'transferFrom': 257}, emitting events: {'Transfer': 257}; 0x43506849 called: {'balanceOf': 129, 'allowance': 129, 'transferFrom': 257} 0x3a23f943 called: {'00000196': 129}, emitting events: {'SocketSwapTokens': 128}; 0xcc5fda5e called: {'performAction': 129} 0x856da0ac called: {'fallback': 128}",Very frequently repeated function calling and extremely high profit indicates that this is an attack.
true,"Here is a summary of a blockchain transaction. Your task is to decide whether it is suspicious: This transaction is sent on eth blockchain by sender 0x7fe83f45 to receiver 0x4148310f. The receiver contract is created by sender. Sender has profit from public contracts. Its summary of balance change: sender and his contract collect high value tokens as wstETH amount: 3.01($10998);mkUSD amount: -1.8($-2) from other public contracts losing -10997 USD. The summary of calls and events of important addresses: 0x4148310f called: {'82be0b96': 1, 'receiveFlashLoan': 1}; 0x1cc79f3f called: {'collateralToken': 2, 'getTroveCollAndDebt': 1, 'getEntireSystemBalances': 6, 'applyPendingRewards': 3, 'closeTrove': 3, 'decayBaseRateAndGetBorrowingFee': 3, 'MCR': 3, 'openTrove': 3, 'getNominalICR': 82}, emitting events: {'TroveIndexUpdated': 3, 'CollateralSent': 3, 'TroveUpdated': 6, 'BaseRateUpdated': 3, 'LastFeeOpTimeUpdated': 1, 'TroveSnapshotsUpdated': 3, 'TotalStakesUpdated': 3}; 0xcc721810 called: {'onFlashLoan': 2};","The receiveFlashLoan of 0x4148310f as a customized contract is called and leads to repeated function calling, indicating that this is an attack."
true,"Here is a summary of a blockchain transaction. Your task is to decide whether it is suspicious: This transaction is sent on eth blockchain by sender 0x096f0f03 to receiver 0xcc5159b5 with 4.9e-17 ETH as 0 USD. Sender has profit from public contracts. Its summary of balance change: sender collect high value tokens as ETH amount: 14.68($55868) from other public contracts losing -58746 USD. The summary of calls and events of important addresses: 0xcc5159b5 called: {'transferFrom': 1, 'fallback': 1}; 0x096f0f03 called: {'fallback': 1}; 0x706206ea called: {'sync': 1, 'getReserves': 1, 'swap': 1}, emitting events: {'Sync': 2, 'Swap': 1}; 0xc02aaa39 called: {'balanceOf': 2, 'transfer': 1, 'withdraw': 1}, emitting events: {'Transfer': 1, 'Withdrawal': 1};",The imbalance created by withdraw with profit and customized contract indicates that this is suspicious.
true,"Here is a summary of a blockchain transaction. Your task is to decide whether it is suspicious: This transaction is sent on eth blockchain by sender 0x87f58580 creating contracts. Sender has profit from public contracts. Its summary of balance change: sender and his contract collect high value tokens as MIM amount: 1979587.92($7890148);mAPE amount: -1e-16 from other public contracts losing -7890148 USD. There are repeated calls indicating reentrancy attack. The summary of calls and events of important addresses: 0x87f58580 called: {'fallback': 1}; 0xc8a03248 called: {'5f4bd64b': 1, 'onFlashLoan': 1, 'uniswapV3SwapCallback': 2}; 0x5954ab96 called: {'stakedTotal': 99, 'pendingRewards': 100, 'claimApeCoin': 1, 'depositApeCoin': 1}, emitting events: {'ClaimRewards': 1, 'Deposit': 1}; 0x5a6a4d54 called: {'exchange_underlying': 1}, emitting events: {'TokenExchangeUnderlying': 1}; 0x88e6a0c2 called: {'token0': 2, 'slot0': 1, 'swap': 1}, emitting events: {'Swap': 1}; 0xac4b3dac called: {'token0': 1, 'slot0': 1, 'swap': 1, 'token1': 1}, emitting events: {'Swap': 1}; 0xbebc4478 called: {'get_virtual_price': 1, 'remove_liquidity_one_coin': 1}, emitting events: {'RemoveLiquidityOne': 1}; 0xd96f4866 called: {'flashLoan': 1, 'deposit': 4, 'balanceOf': 4, 'toShare': 204, 'transfer': 204, 'toAmount': 98, 'withdraw': 1}, emitting events: {'LogDeposit': 4, 'LogTransfer': 204, 'LogWithdraw': 1, 'LogFlashLoan': 1};","The onFlashLoan of 0xc8a03248 as a customized contract is called and leads to repeated function calling and high profit, indicating that this is an attack."
true,"Here is a summary of a blockchain transaction. Your task is to decide whether it is suspicious: This transaction is sent on eth blockchain by sender 0xc596523b to receiver 0x90a7482d. The receiver contract is created by sender. Sender has profit from other address. Its summary of balance change: sender and his contract collect high value tokens as ETH amount: -1e-18;QNT amount: 650.03($80339) from other users losing -80339 USD. The summary of calls and events of important addresses: 0x90a7482d called: {'8b651f79': 1} 0xd3f64baa called: {'1ef29a02': 1} 0xa051fc7d called: {'1ef29a02': 1} 0x4a220e60 called: {'balanceOf': 2, 'transferFrom': 1, 'transfer': 1}, emitting events: {'Transfer': 2};",Only calling a customized function can lead to transferring from other user to sender make this suspicious.
true,"Here is a summary of a blockchain transaction. Your task is to decide whether it is suspicious: This transaction is sent on eth blockchain by sender 0xce6397e5 to receiver 0xe6c6e86e. The receiver contract is created by sender. Sender has profit from other address. Its summary of balance change: sender collect high value tokens as ETH amount: 1.96($3518) from other users losing -3547 USD. The summary of calls and events of important addresses: 0xe6c6e86e called: {'30f5d90e': 1, 'fallback': 1}; 0xce6397e5 called: {'fallback': 1}; 0xc02aaa39 called: {'balanceOf': 4, 'transfer': 1, 'withdraw': 1}, emitting events: {'Transfer': 1, 'Withdrawal': 1}; 0xe342253d called: {'getReserves': 2, 'swap': 1}, emitting events: {'Sync': 1, 'Swap': 1};",The imbalance created by only swaping with profit indicates that this is suspicious.
true,"Here is a summary of a blockchain transaction. Your task is to decide whether it is suspicious: This transaction is sent on eth blockchain by sender 0x4e087743 to receiver 0xc29f6577. The receiver contract is created by sender. Sender has profit from public contracts. Its summary of balance change: sender and his contract collect high value tokens as ETH amount: 0.1($205);WETH amount: 0.49($994);RADAR amount: 76781.25($490);OPUL amount: 23251.73;SPHRI amount: 37105.27 from other public contracts losing -1689 USD. The summary of calls and events of important addresses: 0xc29f6577 called: {'2d86903a': 1, 'fallback': 1}; 0xeff2dbe0 called: {'getReserves': 4, 'swap': 2}, emitting events: {'Sync': 2, 'Swap': 2};",The imbalance created by only swaping with profit indicates that this is suspicious.
true,"Here is a summary of a blockchain transaction. Your task is to decide whether it is suspicious: This transaction is sent on eth blockchain by sender 0x9263e787 to receiver 0x1bf68a9d. Another EOA profits from public contracts. Its summary of balance change: other user collect high value tokens as WBTC amount: 230.88($9802290) from other public contracts losing -9802290 USD. The summary of calls and events of important addresses: 0x1bf68a9d called: {'withdraw': 1}, emitting events: {'Withdraw': 1}; 0x1bf68a9d called: {'withdraw': 1}, emitting events: {'Withdraw': 1};","Withdrawing without approval, usage of customized function and high profits show this is suspicious."
true,"Here is a summary of a blockchain transaction. Your task is to decide whether it is suspicious: This transaction is sent on eth blockchain by sender 0x19066f74 to receiver 0x1da4bc59. The receiver contract is created by sender. Sender has profit from public contracts. Its summary of balance change: sender collect high value tokens as ETH amount: 479.39($1440081) from other public contracts losing -1440081 USD. The summary of calls and events of important addresses: 0x1da4bc59 called: {'f2afdff3': 1, 'proxiableUUID': 1, 'fbd28ffb': 1}; 0x19066f74 called: {'fallback': 1}; 0xfc7599cf called: {'initialize': 1, 'upgradeToAndCall': 1}, emitting events: {'Initialized': 1, 'Upgraded': 1};",The upgrade related function and high profit indicate that this is suspicious for restarting contracts.
true,"Here is a summary of a blockchain transaction. Your task is to decide whether it is suspicious: This transaction is sent on eth blockchain by sender 0xfcd4acbc to receiver 0x9d3425d4. The receiver contract is created by sender. Sender has profit from public contracts. Its summary of balance change: sender and his contract collect high value tokens as JOK amount: 109085942613.08($195708) from other public contracts losing -195708 USD. The summary of calls and events of important addresses: 0x9d3425d4 called: {'b61705a0': 1} 0xa6447f61 called: {'unstake': 299}, emitting events: {'Unstake': 298}; 0xa728aa2d called: {'transfer': 298}, emitting events: {'Transfer': 298};",The repeated calls leaded by the customized contract and high profits indicate that this is suspicious.
true,"Here is a summary of a blockchain transaction. Your task is to decide whether it is suspicious: This transaction is sent on eth blockchain by sender 0x548c63a6 to receiver 0x3fc91a3a. Sender has profit from public contracts. Its summary of balance change: sender collect high value tokens as ETH amount: 407.31($1282366);GNUS amount: -499858.2 from other public contracts losing -1282366 USD. The summary of calls and events of important addresses: 0x3fc91a3a called: {'execute': 1, 'uniswapV3SwapCallback': 2, 'fallback': 1}; 0x548c63a6 called: {'fallback': 1}; 0x31ba74d3 called: {'getReserves': 1, 'swap': 1}, emitting events: {'Sync': 1, 'Swap': 1}; 0x88e6a0c2 called: {'swap': 1}, emitting events: {'Swap': 1}; 0xc02aaa39 called: {'transfer': 3, 'balanceOf': 2, 'withdraw': 1}, emitting events: {'Transfer': 3, 'Withdrawal': 1}; 0xf10e8ccd called: {'swap': 1}, emitting events: {'Swap': 1};",The imbalance created by only swaping with very high profit indicates that this is suspicious.
true,"Here is a summary of a blockchain transaction. Your task is to decide whether it is suspicious: This transaction is sent on eth blockchain by sender 0xb1edf2a0 to receiver 0x871f28e5. The receiver contract is created by sender. Sender earns nfts from other address. Its summary of balance change: sender and his contract collect NFT as NFT CloneX amount: 5;ETH amount: -0.05($-113) from other users. The summary of calls and events of important addresses: 0x871f28e5 called: {'64882c9f': 1, 'onERC721Received': 10}; 0x48c45a68 called: {'fallback': 5}, emitting events: {'paymentReceived': 5};","Sender receives NFT from other address but only paying ETH at the level of transaction fee, indicating that this is an attack."
true,"Here is a summary of a blockchain transaction. Your task is to decide whether it is suspicious: This transaction is sent on eth blockchain by sender 0x4d0d746e to receiver 0x7e5433f0. The receiver contract is created by sender. Sender earns nfts from other address. Its summary of balance change: sender collect NFT as NFT PPG amount: 36 from other users. The summary of calls and events of important addresses: 0x7e5433f0 called: {'6306e50a': 1} 0xbd3531da called: {'balanceOf': 1, 'tokenOfOwnerByIndex': 36, 'safeTransferFrom': 36}, emitting events: {'Approval': 36, 'Transfer': 36}; 0x49ad262c called: {'97e4ee2a': 1} 0xc538d17a called: {'97e4ee2a': 1}","Sender receives NFT from other address but not paying anything, indicating that this is an attack."
true,"Here is a summary of a blockchain transaction. Your task is to decide whether it is suspicious: This transaction is sent on eth blockchain by sender 0xce6397e5 to receiver 0xe6c6e86e. The receiver contract is created by sender. Sender has profit from other address. Its summary of balance change: sender and his contract collect high value tokens as ETH amount: 28.54($51219);LMI amount: -7.5e-09 from other users losing -147254 USD. There are repeated calls indicating reentrancy attack. The summary of calls and events of important addresses: 0xe6c6e86e called: {'30f5d90e': 1, 'fallback': 1}; 0xce6397e5 called: {'fallback': 1}; 0xc02aaa39 called: {'balanceOf': 4, 'transfer': 1, 'withdraw': 1}, emitting events: {'Transfer': 1, 'Withdrawal': 1}; 0xc715a91f called: {'getReserves': 2, 'swap': 1}, emitting events: {'Sync': 1, 'Swap': 1};",Repeated function calling and extremely high profit from other users indicates that this is an attack.
true,"Here is a summary of a blockchain transaction. Your task is to decide whether it is suspicious: This transaction is sent on eth blockchain by sender 0x4d0d746e to receiver 0x7e5433f0. The receiver contract is created by sender. Sender has profit from other address. Its summary of balance change: sender collect high value tokens as WETH amount: 12.06($26969) from other users losing -26969 USD. The summary of calls and events of important addresses: 0x7e5433f0 called: {'6306e50a': 1} 0xc02aaa39 called: {'balanceOf': 5, 'allowance': 5, 'transferFrom': 5}, emitting events: {'Transfer': 5}; 0x49ad262c called: {'97e4ee2a': 1} 0xc538d17a called: {'97e4ee2a': 1}",The frequently repeated transfers from other users with customized contract indicates this is suspicious.
false,"Here is a summary of a blockchain transaction. Your task is to decide whether it is suspicious: This transaction is sent on eth blockchain by sender 0xe64b1ba0 to receiver 0x39da4174 with 1.5 ETH as 3290 USD. Sender earns nfts from other address. Its summary of balance change: sender collect NFT as ETH amount: -1.5($-3290);NFT BVS amount: 27 from other users. The summary of calls and events of important addresses: 0x39da4174 called: {'batchBuyWithETH': 1}; 0x39da4174 called: {'batchBuyWithETH': 1}; 0x0aaf14dc called: {'fulfillAvailableAdvancedOrders': 1}, emitting events: {'OrderFulfilled': 17}; 0x0000a26b called: {'fallback': 1}; 0xb2ecfe4e called: {'takeAsk': 1}, emitting events: {'Execution721MakerFeePacked': 10};",This is an NFT transaction and we can see that sender paid ETH when buying NFT.
false,"Here is a summary of a blockchain transaction. Your task is to decide whether it is suspicious: This transaction is sent on eth blockchain by sender 0xda28e780 to receiver 0xda8f7941. Sender has profit from public contracts. Its summary of balance change: sender collect high value tokens as USDC amount: 490376.11($490376) from other public contracts losing -490376 USD. The summary of calls and events of important addresses: 0xda8f7941 called: {'acceptNewTerms': 1, 'principal': 1, 'borrower': 1, 'paymentDueDate': 1, 'getPaymentBreakdown': 1}, emitting events: {'InterestRateSet': 1, 'PrincipalIncreased': 1, 'PaymentIntervalSet': 1, 'GracePeriodSet': 1, 'NoticePeriodSet': 1, 'LateFeeRateSet': 1, 'LateInterestPremiumRateSet': 1, 'DelegateServiceFeeRateSet': 1, 'NewTermsAccepted': 1}; 0xfe119e9c called: {'totalSupply': 1};","Since there is no customized contract, the borrowing can be considered as normal."
false,"Here is a summary of a blockchain transaction. Your task is to decide whether it is suspicious: This transaction is sent on eth blockchain by sender 0xb9d24761 to receiver 0xe1ef0cba. Sender earns tokens from other address. Its summary of balance change: sender collect large amount unknown tokens as FDIC amount: 28539333.54 from other users as FDIC amount: -28539333.54. The summary of calls and events of important addresses: 0xe1ef0cba called: {'9e2d9575': 1}, emitting events: {'Transfer': 1};","Since there is no customized contract, this can be considered as normal."
false,"Here is a summary of a blockchain transaction. Your task is to decide whether it is suspicious: This transaction is sent on eth blockchain by sender 0x2003cf7f to receiver 0xa62f9c5a. Sender has profit from public contracts. Its summary of balance change: sender collect high value tokens as ETH amount: 53.04($189567);STONE amount: -52.55 from other public contracts losing -189567 USD. The summary of calls and events of important addresses: 0xa62f9c5a called: {'b18f2e91': 1}; 0x2003cf7f called: {'fallback': 1}; 0xdc24316b called: {'coins': 6, 'get_dy': 1, 'exchange': 1}, emitting events: {'TokenExchange': 1}; 0xe942cdd0 called: {'getInvestedValue': 1, 'getAllValue': 1, 'instantWithdraw': 1, 'fallback': 1}; 0xfaac8b3f called: {'getInvestedValue': 1, 'getAllValue': 1, 'instantWithdraw': 1};",TokenExchange shows that this is a token exchange transaction and this is more possible that STONE is as valuable as the loss.
false,"Here is a summary of a blockchain transaction. Your task is to decide whether it is suspicious: This transaction is sent on eth blockchain by sender 0x6c5dee3a to receiver 0x09bd1fc7. The receiver contract is created by sender. Sender has profit from public contracts. Its summary of balance change: sender and his contract collect high value tokens as TRB amount: 0.5($38) from other public contracts losing -38 USD. The summary of calls and events of important addresses: 0x09bd1fc7 called: {'b07f8496': 1}; 0x8cfc184c called: {'timeBasedReward': 1, 'timeOfLastNewValue': 1, 'submitValue': 1};",The amount is very small and it is more possible to be a normal transfer.
false,"Here is a summary of a blockchain transaction. Your task is to decide whether it is suspicious: This transaction is sent on eth blockchain by sender 0x5acf4e86 to receiver 0xf1c9f536. The receiver contract is created by sender. Another EOA profits from public contracts. Its summary of balance change: other user collect high value tokens as USDT amount: 599393.18($599393) from other public contracts losing -599455 USD. The summary of calls and events of important addresses: 0xf1c9f536 called: {'01f9b166': 1}; 0x3ee18b22 called: {'isTransferCompleted': 1, 'wormhole': 1, 'parseTransferWithPayload': 1, 'completeTransferWithPayload': 1}, emitting events: {'TransferRedeemed': 1};","The function wormhole indicates that this is a bright transaction, making public contracts transfer to address reasonable."
false,"Here is a summary of a blockchain transaction. Your task is to decide whether it is suspicious: This transaction is sent on eth blockchain by sender 0x5017c1e0 to receiver 0x8a840ae4. The receiver contract is created by sender. Sender has profit from public contracts. Its summary of balance change: sender and his contract collect high value tokens as WRAP_0x989436e4 amount: 28.14($118) from other public contracts losing -118 USD. The summary of calls and events of important addresses: 0x8a840ae4 called: {'executeBatch': 1} 0x2823c188 called: {'executeBatch': 1} 0x3dc3b756 called: {'ownerOf': 1, 'account': 1} 0x0010cbf7 called: {'claim': 1} 0x989436e4 called: {'transfer': 2}, emitting events: {'Transfer': 2};",The amount is very small and it is more possible to be a normal transfer.
false,"Here is a summary of a blockchain transaction. Your task is to decide whether it is suspicious: This transaction is sent on eth blockchain by sender 0x5bf637e7 to receiver 0xf803c676. The receiver contract is created by sender. Sender has profit from other address. Its summary of balance change: sender and his contract collect high value tokens as HIPVP amount: 3000.0($286) from other users losing -286 USD. The summary of calls and events of important addresses: 0xf803c676 called: {'newGame': 1}, emitting events: {'Bet': 3}; 0x0c072528 called: {'allowance': 3, 'transferFrom': 3}, emitting events: {'Transfer': 3};",The amount is very small and it is more possible to be a normal transfer. Also newGame shows that this is only a game transaction.
false,"Here is a summary of a blockchain transaction. Your task is to decide whether it is suspicious: This transaction is sent on eth blockchain by sender 0xf4e423ce to receiver 0x50600106 with 0.35 ETH as 980 USD. Sender earns nfts from other address. Its summary of balance change: sender collect NFT as ETH amount: -0.35($-980);NFT EXP amount: 1 from other users. The summary of calls and events of important addresses: 0x50600106 called: {'execute': 1}, emitting events: {'Sweep': 1}; 0x0aaf14dc called: {'fulfillAdvancedOrder': 1}, emitting events: {'OrderFulfilled': 1}; 0x1838de7d called: {'fallback': 1};",This is an NFT transaction and we can see that sender paid ETH when buying NFT.
false,"Here is a summary of a blockchain transaction. Your task is to decide whether it is suspicious: This transaction is sent on eth blockchain by sender 0xc08fb884 to receiver 0x100ae042. The receiver contract is created by sender. Its summary of balance change: senders: USDT amount: 0.0, other users: , public contracts: . The summary of calls and events of important addresses: 0x100ae042 called: {'flushForwarderTokens': 1} 0xe8e847cf called: {'flushForwarderTokens': 1} 0x7f030dde called: {'flushTokens': 1} 0x059ffafd called: {'flushTokens': 1} 0xdac17f95 called: {'balanceOf': 1, 'transfer': 1}, emitting events: {'Transfer': 1};",There are no balance changes between different groups.
false,"Here is a summary of a blockchain transaction. Your task is to decide whether it is suspicious: This transaction is sent on eth blockchain by sender 0x774bb930 to receiver 0xd9093a0b. Sender has profit from public contracts. Its summary of balance change: sender collect high value tokens as prisma-pxETHmkUSD-f amount: -3473.66;pxETH amount: 58.03;mkUSD amount: 208261.94($208262) from other public contracts losing -208262 USD. The summary of calls and events of important addresses: 0xd9093a0b called: {'3cde7449': 1}; 0x484a34b0 called: {'withdrawAndUnwrap': 1, 'totalSupply': 4, 'balanceOf': 1}, emitting events: {'Withdrawn': 1}; 0x49865b21 called: {'withdraw': 1}, emitting events: {'UpdateLiquidityLimit': 1, 'Withdraw': 1, 'Transfer': 1}; 0x71db3764 called: {'remove_liquidity': 1}, emitting events: {'RemoveLiquidity': 1}; 0x989aeb4d called: {'withdraw': 1};","Since there is no customized contract and removeLiquidity is normal for retrieving large amount of tokens, this can be considered as normal."
false,"Here is a summary of a blockchain transaction. Your task is to decide whether it is suspicious: This transaction is sent on eth blockchain by sender 0x1544d2de to receiver 0x0aaf14dc with 0.63 ETH as 1042 USD. Sender earns nfts from other address. Its summary of balance change: sender collect NFT as ETH amount: -0.63($-1042);NFT PUNK2023 amount: 20 from other users. The summary of calls and events of important addresses: 0x0aaf14dc called: {'fulfillAvailableAdvancedOrders': 1}, emitting events: {'OrderFulfilled': 20}; 0x0aaf14dc called: {'fulfillAvailableAdvancedOrders': 1}, emitting events: {'OrderFulfilled': 20}; 0x0000a26b called: {'fallback': 20}; 0x78b324ef called: {'fallback': 20}, emitting events: {'SafeReceived': 20};",This is an NFT transaction and we can see that sender paid ETH when buying NFT.
false,"Here is a summary of a blockchain transaction. Your task is to decide whether it is suspicious: This transaction is sent on eth blockchain by sender 0x2ed38012 to receiver 0xa62f9c5a. Sender has profit from public contracts. Its summary of balance change: sender collect high value tokens as ETH amount: 160.2($575809);STONE amount: -158.73 from other public contracts losing -575809 USD. The summary of calls and events of important addresses: 0xa62f9c5a called: {'b18f2e91': 1}; 0x2ed38012 called: {'fallback': 1}; 0xdc24316b called: {'coins': 6, 'get_dy': 1, 'exchange': 1}, emitting events: {'TokenExchange': 1}; 0xe942cdd0 called: {'getInvestedValue': 1, 'getAllValue': 1, 'instantWithdraw': 1, 'fallback': 1}; 0xfaac8b3f called: {'getInvestedValue': 1, 'getAllValue': 1, 'instantWithdraw': 1};",TokenExchange shows that this is a token exchange transaction and this is more possible that STONE is as valuable as the loss.
false,"Here is a summary of a blockchain transaction. Your task is to decide whether it is suspicious: This transaction is sent on eth blockchain by sender 0x2a5c73ee to receiver 0x587fbf91. Sender has profit from public contracts. Its summary of balance change: sender collect high value tokens as ORN amount: 19857.76($31803) from other public contracts losing -31803 USD. The summary of calls and events of important addresses: 0x587fbf91 called: {'vaultWithdraw': 1} 0x45e9ba9d called: {'vaultWithdraw': 1} 0x0258f474 called: {'transfer': 1}, emitting events: {'Transfer': 1};","Since there is no customized contract, the withdraw can be considered as normal."
false,"Here is a summary of a blockchain transaction. Your task is to decide whether it is suspicious: This transaction is sent on eth blockchain by sender 0xd2b29066 to receiver 0xd6c037be with 0.23 ETH as 414 USD. Sender earns nfts from other address. Its summary of balance change: sender collect NFT as ETH amount: -0.23($-414);NFT PHUNK amount: 1 from other users. The summary of calls and events of important addresses: 0xd6c037be called: {'buyPhunk': 1} 0xf07468ea called: {'ownerOf': 1, 'safeTransferFrom': 1}, emitting events: {'Approval': 1, 'Transfer': 1};",This is an NFT transaction and we can see that sender paid ETH when buying NFT.
false,"Here is a summary of a blockchain transaction. Your task is to decide whether it is suspicious: This transaction is sent on eth blockchain by sender 0x5506e948 to receiver 0x3146d1c5. The receiver contract is created by sender. Sender has profit from public contracts. Its summary of balance change: sender and his contract collect high value tokens as WRAP_0x989436e4 amount: 16.68($69) from other public contracts losing -69 USD. The summary of calls and events of important addresses: 0x3146d1c5 called: {'executeBatch': 1} 0x2823c188 called: {'executeBatch': 1} 0x3dc3b756 called: {'ownerOf': 1, 'account': 1} 0x0010cbf7 called: {'claim': 1} 0x989436e4 called: {'transfer': 2}, emitting events: {'Transfer': 2};",The amount is very small and it is more possible to be a normal transfer.
false,"Here is a summary of a blockchain transaction. Your task is to decide whether it is suspicious: This transaction is sent on eth blockchain by sender 0xd4bc4e44 to receiver 0x9af8d970. The receiver contract is created by sender. Sender has profit from other address. Its summary of balance change: sender and his contract collect high value tokens as PVP amount: 20000.0($59) from other users losing -59 USD. The summary of calls and events of important addresses: 0x9af8d970 called: {'newGame': 1}, emitting events: {'Bet': 2}; 0x9b44793a called: {'allowance': 2, 'transferFrom': 2}, emitting events: {'Transfer': 2};",The amount is very small and it is more possible to be a normal transfer. Also newGame shows that this is only a game transaction.
false,"Here is a summary of a blockchain transaction. Your task is to decide whether it is suspicious: This transaction is sent on eth blockchain by sender 0x602fe083 to receiver 0xe92b5866. Sender has profit from other address. Its summary of balance change: sender collect high value tokens as WETH amount: 380.0($1336780);ezETH amount: -375.46($-1039245) from other users losing -297535 USD. The summary of calls and events of important addresses: 0xe92b5866 called: {'fillOrder': 1} 0x00000001 called: {'ecrecover': 1} 0xc02aaa39 called: {'transferFrom': 1}, emitting events: {'Transfer': 1}; 0xbf5495ef called: {'transferFrom': 1}, emitting events: {'Approval': 1, 'Transfer': 1}; 0x680a7937 called: {'transferFrom': 1}","Since there is no customized contract, the fillOrder can be considered as normal."
false,"Here is a summary of a blockchain transaction. Your task is to decide whether it is suspicious: This transaction is sent on eth blockchain by sender 0xfce19f8f to receiver 0x667a89d7. The receiver contract is created by sender. Its summary of balance change: senders: WETH amount: -99.8($-303547), other users: ETH amount: 99.8($303547), public contracts: ETH amount: -99.8($-303547);WETH amount: 99.8($303547). The summary of calls and events of important addresses: 0x667a89d7 called: {'31d94366': 1, 'fallback': 1}; 0xc02aaa39 called: {'transferFrom': 1, 'withdraw': 1}, emitting events: {'Transfer': 1, 'Withdrawal': 1};","From the function names and balance, we can see this is only sender sending token to other address."
false,"Here is a summary of a blockchain transaction. Your task is to decide whether it is suspicious: This transaction is sent on eth blockchain by sender 0x5acf4e86 to receiver 0xf1c9f536. The receiver contract is created by sender. Sender has profit from public contracts. Its summary of balance change: sender and his contract collect high value tokens as ETH amount: 0.027($108) from other public contracts losing -143 USD. The summary of calls and events of important addresses: 0xf1c9f536 called: {'be9f1b95': 1, 'fallback': 1}; 0x3ee18b22 called: {'isTransferCompleted': 1, 'wormhole': 1, 'parseTransferWithPayload': 1, 'completeTransferAndUnwrapETHWithPayload': 1, 'fallback': 1}, emitting events: {'TransferRedeemed': 1}; 0xc02aaa39 called: {'decimals': 1, 'withdraw': 1}, emitting events: {'Withdrawal': 1}; 0xf3f04555 called: {'c0e6d169': 1, 'fallback': 1}, emitting events: {'Redeemed': 1};","The function wormhole indicates that this is a bright transaction, making public contracts transfer to sender reasonable."
false,"Here is a summary of a blockchain transaction. Your task is to decide whether it is suspicious: This transaction is sent on eth blockchain by sender 0x46486868 to receiver 0xb1e4fb56. The receiver contract is created by sender. Its summary of balance change: senders: ETH amount: -30.0($-107773), other users: NFT PRNV amount: 100;ETH amount: 30.0($107773), public contracts: NFT PRNV amount: -100. The summary of calls and events of important addresses: 0xb1e4fb56 called: {'airdrop': 1}, emitting events: {'Airdrop': 100}; 0x1e00cbb7 called: {'fallback': 100} 0x0e895e65 called: {'e5e888bb': 100}, emitting events: {'Transfer': 100};",Airdrop indicates that this is a event started by sender and only sender has loss showing this is normal.
false,"Here is a summary of a blockchain transaction. Your task is to decide whether it is suspicious: This transaction is sent on eth blockchain by sender 0xa7682050 to receiver 0x0000a89d with 2.9e-07 ETH as 0 USD. The receiver contract is created by sender. Sender has profit from public contracts. Its summary of balance change: sender and his contract collect high value tokens as ETH amount: 0.0;WETH amount: 4.84($16504);EURA amount: -15082.05 from other public contracts losing -16504 USD. The summary of calls and events of important addresses: 0x0000a89d called: {'de308db1': 1, 'uniswapV3SwapCallback': 1}; 0x8db1b906 called: {'swap': 1}, emitting events: {'Swap': 1};",Swap shows that this is a token exchange transaction and this is more possible that EURA is as valuable as the loss.
false,"Here is a summary of a blockchain transaction. Your task is to decide whether it is suspicious: This transaction is sent on eth blockchain by sender 0x4e642ae0 to receiver 0xb563c72d. Another EOA profits from public contracts. Its summary of balance change: other user collect high value tokens as USDT amount: 730511.65($730512) from other public contracts losing -730512 USD. The summary of calls and events of important addresses: 0xb563c72d called: {'inCaseTokensGetStuck': 1} 0x12ed3627 called: {'inCaseTokensGetStuck': 1} 0xdac17f95 called: {'transfer': 1}, emitting events: {'Transfer': 1};",To address is not created by sender and inCaseTokensGetStuck shows that this is a special but not suspicious situation.
false,"Here is a summary of a blockchain transaction. Your task is to decide whether it is suspicious: This transaction is sent on eth blockchain by sender 0x76139114 to receiver 0x3aea1502. The receiver contract is created by sender. Sender has profit from other address. Its summary of balance change: sender collect high value tokens as CBOY amount: 153281.04($538) from other users losing -538 USD. The summary of calls and events of important addresses: 0x3aea1502 called: {'5456a7bf': 1, 'balanceOf': 4} 0xfb4487ba called: {'balanceOf': 5, 'allowance': 1, 'transferFrom': 1}, emitting events: {'Transfer': 1, 'Approval': 1}; 0x126c9fba called: {'b2bd16ab': 1}","Since the amount is small and there is allowance call, we can consider it normal."
false,"Here is a summary of a blockchain transaction. Your task is to decide whether it is suspicious: This transaction is sent on eth blockchain by sender 0x2cd66407 to receiver 0x00400020 with 1.3e-09 ETH as 0 USD. The receiver contract is created by sender. Sender has profit from public contracts. Its summary of balance change: sender and his contract collect high value tokens as ETH amount: 0.0;MONSTER amount: -498099.31($-68);WETH amount: 0.25($836);INUNOMICS amount: -8240970.58($-521);PEWPEW amount: -470380.52($-28) from other public contracts losing -219 USD. The summary of calls and events of important addresses: 0x00400020 called: {'7f3a36e5': 1}; 0x4d102019 called: {'swap': 1}, emitting events: {'Sync': 1, 'Swap': 1}; 0xa64e7090 called: {'swap': 1}, emitting events: {'Sync': 1, 'Swap': 1}; 0xeb525690 called: {'swap': 1}, emitting events: {'Sync': 1, 'Swap': 1};",Sender group also has loss and profit is very small.
false,"Here is a summary of a blockchain transaction. Your task is to decide whether it is suspicious: This transaction is sent on eth blockchain by sender 0x115d6885 to receiver 0x328f89d8. The receiver contract is created by sender. Its summary of balance change: senders: ETH amount: 0.0, other users: , public contracts: . The summary of calls and events of important addresses: 0x328f89d8 called: {'withdrawTo': 1} 0x115d6885 called: {'fallback': 1}",There are no balance changes between different groups.
false,"Here is a summary of a blockchain transaction. Your task is to decide whether it is suspicious: This transaction is sent on eth blockchain by sender 0x4f0a01ba to receiver 0xcf16763c. The receiver contract is created by sender. Sender has profit from public contracts. Its summary of balance change: sender collect high value tokens as DAI amount: 100000.0($100000) from other public contracts losing -100000 USD. The summary of calls and events of important addresses: 0xcf16763c called: {'execute': 1} 0x82ecd135 called: {'draw': 1} 0x5ef30b99 called: {'urns': 1, 'vat': 1, 'ilks': 1, 'frob': 1, 'move': 1} 0x19c0976f called: {'drip': 1} 0x35d1b3f3 called: {'ilks': 1, 'fold': 1, 'dai': 1, 'frob': 1, 'move': 2, 'can': 1} 0x9759a6ac called: {'exit': 1} 0x6b175474 called: {'mint': 1}, emitting events: {'Transfer': 1};","There is only a mint call and several verification calls, indicating that this is normal."
false,"Here is a summary of a blockchain transaction. Your task is to decide whether it is suspicious: This transaction is sent on eth blockchain by sender 0x841ddf09 to receiver 0x3fc91a3a. Sender has profit from public contracts. Its summary of balance change: sender collect high value tokens as ETH amount: 26.26($96786);bLUSD amount: -80000.0 from other public contracts losing -96786 USD. The summary of calls and events of important addresses: 0x3fc91a3a called: {'execute': 1, 'uniswapV3SwapCallback': 5, 'fallback': 1}; 0x841ddf09 called: {'fallback': 1}; 0x4e0924d3 called: {'swap': 1}, emitting events: {'Swap': 1}; 0x58d6cbf5 called: {'swap': 1}, emitting events: {'Swap': 1}; 0x88e6a0c2 called: {'swap': 1}, emitting events: {'Swap': 1}; 0x8ad599c3 called: {'swap': 1}, emitting events: {'Swap': 1}; 0xc02aaa39 called: {'transfer': 3, 'balanceOf': 2, 'withdraw': 1}, emitting events: {'Transfer': 3, 'Withdrawal': 1}; 0xcb31317c called: {'swap': 1}, emitting events: {'Swap': 1};",Swap shows that this is a token exchange transaction and this is more possible that bLUSD is as valuable as the loss.
false,"Here is a summary of a blockchain transaction. Your task is to decide whether it is suspicious: This transaction is sent on eth blockchain by sender 0x72872563 to receiver 0x77311942. The receiver contract is created by sender. Sender has profit from public contracts. Its summary of balance change: sender and his contract collect high value tokens as WRAP_0x989436e4 amount: 46.49($339) from other public contracts losing -339 USD. The summary of calls and events of important addresses: 0x77311942 called: {'executeBatch': 1} 0x2823c188 called: {'executeBatch': 1} 0x3dc3b756 called: {'ownerOf': 1, 'account': 1} 0x0010cbf7 called: {'claim': 1} 0x989436e4 called: {'transfer': 2}, emitting events: {'Transfer': 2};",There is no large balance change and claim shows that sender may claiming some tokens and this is normal.
false,"Here is a summary of a blockchain transaction. Your task is to decide whether it is suspicious: This transaction is sent on eth blockchain by sender 0xc0ffeeba to receiver 0xe08d97e1 with 3.9e-16 ETH as 0 USD. The receiver contract is created by sender. Sender has profit from public contracts. Its summary of balance change: sender collect high value tokens as ETH amount: 0.0097($30) from other public contracts losing -31 USD. The summary of calls and events of important addresses: 0xe08d97e1 called: {'1d23a9c4': 1, 'fallback': 1}; 0xc0ffeeba called: {'fallback': 1}; 0x22b15c7e called: {'getReserves': 1, 'swap': 1}, emitting events: {'Sync': 1, 'Swap': 1}; 0xc02aaa39 called: {'balanceOf': 4, 'transfer': 1, 'withdraw': 1}, emitting events: {'Transfer': 1, 'Withdrawal': 1}; 0xcb56b523 called: {'burnTax': 1, 'approve': 1, 'transferFrom': 1, 'balanceOf': 2}, emitting events: {'Transfer': 3, 'TaxBurned': 1, 'CEODefaulted': 1, 'Approval': 1};",The amount is very small and it is more possible to be a normal transfer.
false,"Here is a summary of a blockchain transaction. Your task is to decide whether it is suspicious: This transaction is sent on eth blockchain by sender 0x77238209 to receiver 0xc466a1bf. The receiver contract is created by sender. Its summary of balance change: senders: USDT amount: -1077000.0($-1077000), other users: USDT amount: 1077000.0($1077000), public contracts: . The summary of calls and events of important addresses: 0xc466a1bf called: {'execTransaction': 1}, emitting events: {'ExecutionSuccess': 1}; 0xd9db270c called: {'execTransaction': 1} 0x00000001 called: {'ecrecover': 3} 0xdac17f95 called: {'transfer': 1}, emitting events: {'Transfer': 1};",Sender group has large loss and this means the transaction is normal sender transferring tokens to other users.
false,"Here is a summary of a blockchain transaction. Your task is to decide whether it is suspicious: This transaction is sent on eth blockchain by sender 0x55fe002a to receiver 0x552f99bd. Sender has profit from public contracts. Its summary of balance change: sender collect high value tokens as USDC amount: 2150000.0($2150000) from other public contracts losing -2150000 USD. The summary of calls and events of important addresses: 0x552f99bd called: {'contractCall': 1} 0xa0b86991 called: {'transfer': 1}, emitting events: {'Transfer': 1}; 0x43506849 called: {'transfer': 1}","Since there is no customized contract, this can be considered as normal."
false,"Here is a summary of a blockchain transaction. Your task is to decide whether it is suspicious: This transaction is sent on eth blockchain by sender 0x4e642ae0 to receiver 0xb563c72d. Another EOA profits from public contracts. Its summary of balance change: other user collect high value tokens as USDT amount: 177311.71($177312) from other public contracts losing -177312 USD. The summary of calls and events of important addresses: 0xb563c72d called: {'inCaseTokensGetStuck': 1} 0x12ed3627 called: {'inCaseTokensGetStuck': 1} 0xdac17f95 called: {'transfer': 1}, emitting events: {'Transfer': 1};",To address is not created by sender and inCaseTokensGetStuck shows that this is a special but not suspicious situation.
false,"Here is a summary of a blockchain transaction. Your task is to decide whether it is suspicious: This transaction is sent on eth blockchain by sender 0xa85b9398 to receiver 0x3009e239. The receiver contract is created by sender. Sender has profit from public contracts. Its summary of balance change: sender and his contract collect high value tokens as WETH amount: 0.18($615);SHRAP amount: -9614.16 from other public contracts losing -615 USD. The summary of calls and events of important addresses: 0x3009e239 called: {'6696740f': 1, 'uniswapV3SwapCallback': 1}; 0x7df301c4 called: {'swap': 1}, emitting events: {'Swap': 1};",The amount is very small and it is more possible to be a normal swap.
false,"Here is a summary of a blockchain transaction. Your task is to decide whether it is suspicious: This transaction is sent on eth blockchain by sender 0xe98f7f3b to receiver 0x613d9b2c. The receiver contract is created by sender. Its summary of balance change: senders: LVM amount: 0.0, other users: , public contracts: . The summary of calls and events of important addresses: 0x613d9b2c called: {'unlockTokensAfterTimestamp': 1} 0x5bb15141 called: {'balanceOf': 1, 'transfer': 1}, emitting events: {'Transfer': 1}; 0x983b00a2 called: {'46e4909e': 1}",There are no balance changes between different groups.
false,"Here is a summary of a blockchain transaction. Your task is to decide whether it is suspicious: This transaction is sent on eth blockchain by sender 0xea75aec1 to receiver 0xbff51c9c. The receiver contract is created by sender. Sender has profit from public contracts. Its summary of balance change: sender and his contract collect high value tokens as WETH amount: 17.37($48132);MINER amount: -1000.0 from other public contracts losing -48132 USD. The summary of calls and events of important addresses: 0xbff51c9c called: {'start': 1, 'uniswapV3SwapCallback': 1}; 0x73227616 called: {'swap': 1}, emitting events: {'Swap': 1};",Swap shows that this is a token exchange transaction and this is more possible that MINER is as valuable as the loss.
false,"Here is a summary of a blockchain transaction. Your task is to decide whether it is suspicious: This transaction is sent on eth blockchain by sender 0x4660511e to receiver 0x3fc91a3a. Sender has profit from public contracts. Its summary of balance change: sender collect high value tokens as DAI amount: -16000.0($-16000);WPLS amount: 119614977.51($28398814) from other public contracts losing -28382814 USD. The summary of calls and events of important addresses: 0x3fc91a3a called: {'execute': 1, 'uniswapV3SwapCallback': 4}; 0x1993577b called: {'swap': 1}, emitting events: {'Swap': 1}; 0x4a2987c2 called: {'swap': 1}, emitting events: {'Swap': 1}; 0x5777d92f called: {'swap': 1}, emitting events: {'Swap': 1}; 0x60594a40 called: {'swap': 1}, emitting events: {'Swap': 1};",Swap shows that this is a token exchange transaction and this is more possible that WPLS's exchange rate has some error.
false,"Here is a summary of a blockchain transaction. Your task is to decide whether it is suspicious: This transaction is sent on eth blockchain by sender 0x7808f5f3 to receiver 0x796d37da. Another EOA profits from public contracts. Its summary of balance change: other user collect high value tokens as DAI amount: 106497.8($106498);ETH amount: 1405.73($2658557);USDC amount: 1891801.72($1891802);USDT amount: 1528080.21($1528080);WBTC amount: 21.64($764082) from other public contracts losing -6949019 USD. The summary of calls and events of important addresses: 0x796d37da called: {'5a9291ea': 1, 'fallback': 1}; 0x796d37da called: {'5a9291ea': 1, 'fallback': 1}; 0xc02aaa39 called: {'balanceOf': 2, 'withdraw': 1}, emitting events: {'Withdrawal': 1};","Since there is no customized contract, the withdraw can be considered as normal."
false,"Here is a summary of a blockchain transaction. Your task is to decide whether it is suspicious: This transaction is sent on eth blockchain by sender 0x3aec8c20 to receiver 0xe1ef0cba. Sender earns tokens from other address. Its summary of balance change: sender collect large amount unknown tokens as FDIC amount: 1938304.91 from other users as FDIC amount: -1938304.91. The summary of calls and events of important addresses: 0xe1ef0cba called: {'9e2d9575': 1}, emitting events: {'Transfer': 1};","Since there is no customized contract, this can be considered as normal."
false,"Here is a summary of a blockchain transaction. Your task is to decide whether it is suspicious: This transaction is sent on eth blockchain by sender 0x2faa6821 to receiver 0x505f2010. The receiver contract is created by sender. Sender has profit from public contracts. Its summary of balance change: sender and his contract collect high value tokens as ETH amount: 0.01($21);FLUB amount: -100000000000.0 from other public contracts losing -21 USD. The summary of calls and events of important addresses: 0x505f2010 called: {'swapExactETHForTokens': 1}; 0x2faa6821 called: {'fallback': 1}; 0x4977136a called: {'getReserves': 1, 'swap': 1}, emitting events: {'Sync': 1, 'Swap': 1}; 0xc02aaa39 called: {'transfer': 1, 'balanceOf': 2, 'withdraw': 1}, emitting events: {'Transfer': 1, 'Withdrawal': 1};",The amount is very small and it is more possible to be a normal swap.
false,"Here is a summary of a blockchain transaction. Your task is to decide whether it is suspicious: This transaction is sent on eth blockchain by sender 0x847c944f to receiver 0x3fc91a3a. Sender has profit from public contracts. Its summary of balance change: sender collect high value tokens as ARB amount: -20838.35;LDO amount: 11777.39($35874) from other public contracts losing -35874 USD. There are repeated calls indicating reentrancy attack. The summary of calls and events of important addresses: 0x3fc91a3a called: {'execute': 1, 'uniswapV3SwapCallback': 4}; 0x59354356 called: {'swap': 1}, emitting events: {'Swap': 1}; 0x6d9301e7 called: {'swap': 1}, emitting events: {'Swap': 1}; 0x8adfed0b called: {'swap': 1}, emitting events: {'Swap': 1}; 0xa3f558ae called: {'swap': 1}, emitting events: {'Swap': 1};",Swap shows that this is a token exchange transaction and this is more possible that ARB is as valuable as the loss.
false,"Here is a summary of a blockchain transaction. Your task is to decide whether it is suspicious: This transaction is sent on eth blockchain by sender 0xc4c162e5 to receiver 0x0a8e00ec with 5.4e-11 ETH as 0 USD. The receiver contract is created by sender. Sender has profit from public contracts. Its summary of balance change: sender and his contract collect high value tokens as ETH amount: 0.0;WETH amount: 0.23($421);CPRC amount: -4366585.8 from other public contracts losing -421 USD. The summary of calls and events of important addresses: 0x0a8e00ec called: {'0d795662': 1, 'uniswapV3SwapCallback': 1}; 0x5662da93 called: {'swap': 1}, emitting events: {'Swap': 1};",Swap shows that this is a token exchange transaction and this is more possible that CPRC is as valuable as the loss.
false,"Here is a summary of a blockchain transaction. Your task is to decide whether it is suspicious: This transaction is sent on eth blockchain by sender 0xae11fc29 to receiver 0x0aaf14dc with 4.09 ETH as 9459 USD. Sender earns nfts from other address. Its summary of balance change: sender collect NFT as ETH amount: -4.09($-9459);NFT FSMC amount: 17 from other users. The summary of calls and events of important addresses: 0x0aaf14dc called: {'fulfillAvailableAdvancedOrders': 1}, emitting events: {'OrderFulfilled': 17}; 0x0aaf14dc called: {'fulfillAvailableAdvancedOrders': 1}, emitting events: {'OrderFulfilled': 17}; 0x0000a26b called: {'fallback': 1};",This is an NFT transaction and we can see that sender paid ETH when buying NFT.
false,"Here is a summary of a blockchain transaction. Your task is to decide whether it is suspicious: This transaction is sent on eth blockchain by sender 0x6f81e2ba to receiver 0x3c6907ae. The receiver contract is created by sender. Sender has profit from public contracts. Its summary of balance change: sender and his contract collect high value tokens as WRAP_0x989436e4 amount: 29.09($122) from other public contracts losing -122 USD. The summary of calls and events of important addresses: 0x3c6907ae called: {'executeBatch': 1} 0x2823c188 called: {'executeBatch': 1} 0x3dc3b756 called: {'ownerOf': 1, 'account': 1} 0x0010cbf7 called: {'claim': 1} 0x989436e4 called: {'transfer': 2}, emitting events: {'Transfer': 2};",The amount is very small and it is more possible to be a normal transfer.
false,"Here is a summary of a blockchain transaction. Your task is to decide whether it is suspicious: This transaction is sent on eth blockchain by sender 0xa85b9398 to receiver 0x3009e239. The receiver contract is created by sender. Sender has profit from public contracts. Its summary of balance change: sender and his contract collect high value tokens as MMGA amount: -1253791593592.7($-179);WETH amount: 0.072($246) from other public contracts losing -67 USD. The summary of calls and events of important addresses: 0x3009e239 called: {'66967013': 1} 0x699c3d8c called: {'transfer': 1, 'balanceOf': 1}, emitting events: {'Transfer': 1}; 0x3392eb98 called: {'swap': 1}, emitting events: {'Sync': 1, 'Swap': 1}; 0xc02aaa39 called: {'transfer': 1, 'balanceOf': 2}, emitting events: {'Transfer': 1};",The amount is very small and it is more possible to be a normal swap.
false,"Here is a summary of a blockchain transaction. Your task is to decide whether it is suspicious: This transaction is sent on eth blockchain by sender 0xcef9a7e4 to receiver 0x3d5d012a. The receiver contract is created by sender. Sender has profit from public contracts. Its summary of balance change: sender and his contract collect high value tokens as USDT amount: 38015.15($38015);MATIC amount: -6612.57($-4120) from other public contracts losing -33895 USD. The summary of calls and events of important addresses: 0x3d5d012a called: {'f03ca44b': 1}; 0x88c095c8 called: {'getReserves': 1, 'swap': 1}, emitting events: {'Sync': 1, 'Swap': 1};","Since there is no customized contract, this swap can be considered as normal."
false,"Here is a summary of a blockchain transaction. Your task is to decide whether it is suspicious: This transaction is sent on eth blockchain by sender 0xd4bc4e44 to receiver 0x9e0a3956. The receiver contract is created by sender. Sender has profit from other address. Its summary of balance change: sender and his contract collect high value tokens as PVP amount: 50000.0($51) from other users losing -51 USD. The summary of calls and events of important addresses: 0x9e0a3956 called: {'newGame': 1}, emitting events: {'Bet': 2}; 0x9b44793a called: {'allowance': 2, 'transferFrom': 2}, emitting events: {'Transfer': 2};",The amount is very small and it is more possible to be a normal transfer. Also newGame shows that this is only a game transaction.
